{
  "n_agent": 10,
  "mass": 0.5,
  "gravity": 1.0,
  "state_dim": 120,
  "control_dim": 40,
  "T": 10.0,
  "dt": 0.2,
  "num_steps": 50,
  "obstacles": [
    {
      "center": [
        0.63,
        1.0,
        1.0
      ],
      "radius": 0.35,
      "epsilon": 0.15
    },
    {
      "center": [
        1.5,
        2.5,
        0.8
      ],
      "radius": 0.35,
      "epsilon": 0.15
    },
    {
      "center": [
        2.37,
        1.0,
        1.0
      ],
      "radius": 0.35,
      "epsilon": 0.15
    }
  ],
  "p_target": [
    [
      0.8,
      3.5,
      1.0
    ],
    [
      0.9555555555555556,
      3.5,
      1.0
    ],
    [
      1.1111111111111112,
      3.5,
      1.0
    ],
    [
      1.2666666666666666,
      3.5,
      1.0
    ],
    [
      1.4222222222222223,
      3.5,
      1.0
    ],
    [
      1.577777777777778,
      3.5,
      1.0
    ],
    [
      1.7333333333333334,
      3.5,
      1.0
    ],
    [
      1.888888888888889,
      3.5,
      1.0
    ],
    [
      2.0444444444444447,
      3.5,
      1.0
    ],
    [
      2.2,
      3.5,
      1.0
    ]
  ],
  "cbf_alpha": [
    5.0,
    5.0
  ],
  "alpha_running": 1.0,
  "alpha_terminal_initial": 10.0,
  "weight_decay": 0.001,
  "num_epochs": 1000,
  "learning_rate": 0.0001,
  "lr_decay_epoch": 600,
  "batch_size": 32,
  "z0_std": 0.04,
  "hidden_dim": 64,
  "n_blocks": 3,
  "num_params": 18664,
  "seed": 0,
  "framework": "CVXPyLayers"
}